CustomerID,Gender,Age,Annual Income ($),Spending Score (1-100),Work Experience,Family Size,Trusted
1,0,19,15000,39,1,4,0
2,0,21,35000,81,3,3,1
3,0,20,86000,6,1,1,0
4,0,23,59000,77,0,2,1
5,0,31,38000,40,2,6,0
6,0,22,58000,76,0,2,1
7,0,35,31000,6,1,3,0
8,0,23,84000,94,1,3,1
9,0,64,97000,3,0,3,0
10,0,30,98000,72,1,4,1
11,0,67,7000,14,1,3,0
12,0,35,93000,99,4,4,1
13,0,58,80000,15,0,5,0
14,0,24,91000,77,1,1,1
15,0,37,19000,13,0,1,0
16,0,22,51000,79,1,2,1
17,0,35,29000,35,9,5,0
18,0,20,89000,66,1,6,0
19,0,52,20000,29,1,4,0
20,0,35,62000,98,0,1,1
21,0,35,96000,35,12,1,0
22,0,25,4000,73,3,4,1
23,0,46,42000,5,13,2,0
24,0,31,71000,73,5,2,1
25,0,54,67000,14,1,3,0
26,0,29,52000,82,1,3,1
27,0,45,68000,32,9,8,0
28,0,35,78000,61,1,3,0
29,0,40,18000,31,0,1,0
30,0,23,20000,87,5,4,1
31,0,60,39000,4,0,3,0
32,0,21,34000,73,1,2,1
33,0,53,59000,4,1,3,0
34,0,18,62000,92,9,7,1
35,0,49,91000,14,1,2,0
36,0,21,95000,81,3,4,1
37,0,42,14000,17,5,1,0
38,0,30,62000,73,1,5,1
39,0,36,9000,26,8,2,0
40,0,20,69000,75,8,2,1
41,0,65,25000,35,4,1,0
42,0,24,85000,92,0,2,1
43,0,48,22000,36,14,3,0
44,0,31,33000,61,1,2,0
45,0,49,72000,28,8,1,0
46,0,24,3000,65,4,2,0
47,0,50,52000,55,0,4,0
48,0,27,71000,47,12,1,0
49,0,29,78000,42,0,4,0
50,0,31,25000,42,1,1,0
51,0,49,88000,52,1,2,0
52,0,33,97000,60,1,2,0
53,0,31,74000,54,1,1,0
54,0,59,68000,60,0,2,0
55,0,50,18000,45,1,1,0
56,0,47,95000,41,14,2,0
57,0,51,71000,50,9,4,0
58,0,69,8000,46,8,2,0
59,0,27,57000,51,1,3,0
60,0,53,89000,46,1,6,0
61,0,70,84000,56,0,2,0
62,0,19,50000,55,9,2,0
63,0,67,50000,52,0,3,0
64,0,54,48000,59,1,2,0
65,0,63,63000,51,7,2,0
66,0,18,9000,59,0,2,0
67,0,43,3000,50,0,2,0
68,0,68,82000,48,8,4,0
69,0,19,81000,59,0,4,0
70,0,32,97000,47,2,2,0
71,0,70,91000,55,8,2,0
72,0,47,9000,42,8,2,0
73,0,60,44000,49,0,5,0
74,0,60,10000,56,8,4,0
75,0,59,89000,47,0,4,0
76,0,26,49000,54,0,3,0
77,0,45,67000,53,0,2,0
78,0,40,99000,48,4,3,0
79,0,23,97000,52,2,2,0
80,0,49,98000,42,1,1,0
81,0,57,52000,51,0,4,0
82,0,38,61000,55,6,3,0
83,0,67,120000,41,8,1,0
84,0,46,34000,44,8,4,0
85,0,21,24000,57,1,3,0
86,0,48,31000,46,7,5,0
87,0,55,11000,58,0,3,0
88,0,22,55000,55,5,2,0
89,0,34,76000,60,7,3,0
90,0,50,56000,46,0,2,0
91,0,68,46000,55,0,3,0
92,0,18,36000,41,1,4,0
93,0,48,88000,49,1,2,0
94,0,40,31000,40,1,2,0
95,0,32,24000,42,0,1,0
96,0,24,80000,52,10,1,0
97,0,47,2000,47,0,1,0
98,0,27,67000,50,0,2,0
99,0,48,58000,42,1,2,0
100,0,20,80000,49,3,3,0
101,0,23,65000,41,0,4,0
102,0,49,4000,48,1,7,0
103,0,67,98000,59,0,3,0
104,0,26,52000,55,0,5,0
105,0,49,86000,56,10,2,0
106,0,21,82000,42,1,2,0
107,0,66,43000,50,3,2,0
108,0,54,78000,46,1,1,0
109,0,68,13000,43,6,5,0
110,0,66,13000,48,9,3,0
111,0,65,34000,52,4,4,0
112,0,19,25000,54,0,1,0
113,0,38,71000,42,1,5,0
114,0,19,2000,46,1,1,0
115,0,18,97000,48,0,3,0
116,0,19,51000,50,8,4,0
117,0,63,9000,43,1,1,0
118,0,49,79000,59,0,2,0
119,0,51,84000,43,2,7,0
120,0,50,87000,57,1,2,0
121,0,27,36000,56,0,3,0
122,0,38,50000,40,1,4,0
123,0,40,97000,58,9,4,0
124,0,39,6000,91,1,3,1
125,0,23,12000,29,9,2,0
126,0,31,46000,77,1,2,1
127,0,43,89000,35,0,7,0
128,0,40,4000,95,0,2,1
129,0,59,38000,11,0,2,0
130,0,38,64000,75,8,5,1
131,0,47,66000,9,9,5,0
132,0,39,26000,75,0,2,1
133,0,25,41000,34,6,4,0
134,0,31,45000,71,5,1,1
135,0,20,89000,5,1,2,0
136,0,29,92000,88,5,5,1
137,0,44,76000,7,5,2,0
138,0,32,85000,73,3,4,1
139,0,19,22000,10,8,4,0
140,0,35,15000,72,4,4,1
141,0,57,32000,5,0,2,0
142,0,32,66000,93,0,5,1
143,0,28,62000,40,5,3,0
144,0,32,85000,87,1,2,1
145,0,25,71000,12,0,5,0
146,0,28,26000,97,8,5,1
147,0,48,52000,36,9,2,0
148,0,32,38000,74,1,1,1
149,0,34,51000,22,7,4,0
150,0,34,90000,90,6,3,1
151,0,43,30000,17,0,9,0
152,0,39,41000,88,0,1,1
153,0,44,17000,20,0,2,0
154,0,38,92000,76,2,2,1
155,0,47,80000,16,0,4,0
156,0,27,10000,89,8,4,1
157,0,37,16000,1,1,1,0
158,0,30,87000,78,3,4,1
159,0,34,66000,1,1,2,0
160,0,30,86000,73,3,3,1
161,0,56,9000,35,1,1,0
162,0,29,50000,83,1,5,1
163,0,19,35000,5,0,5,0
164,0,31,58000,93,1,5,1
165,0,50,47000,26,0,2,0
166,0,36,54000,75,5,3,1
167,0,42,79000,20,9,3,0
168,0,33,83000,95,0,5,1
169,0,36,57000,27,0,3,0
170,0,32,0,63,2,2,0
171,0,40,69000,13,3,5,0
172,0,28,4000,75,0,2,1
173,0,36,79000,10,0,2,0
174,0,36,99000,92,5,2,1
175,0,52,20000,13,0,2,0
176,0,30,28000,86,3,4,1
177,0,58,29000,15,11,1,0
178,0,27,45000,69,2,6,0
179,0,59,86000,14,4,3,0
180,0,35,42000,90,8,1,1
181,0,37,59000,32,7,2,0
182,0,32,61000,86,7,5,1
183,0,46,11000,15,7,1,0
184,0,29,66000,88,4,4,1
185,0,41,39000,39,1,1,0
186,0,30,72000,97,6,2,1
187,0,54,14000,24,1,2,0
188,0,28,44000,68,5,3,0
189,0,41,76000,17,8,2,0
190,0,36,95000,85,4,2,1
191,0,34,92000,23,5,3,0
192,0,32,98000,69,8,2,0
193,0,33,96000,8,9,2,0
194,0,38,45000,91,10,4,1
195,0,47,8000,16,7,2,0
196,0,35,46000,79,1,3,1
197,0,45,78000,28,0,2,0
198,0,32,4000,74,1,5,1
199,0,32,81000,18,1,2,0
200,0,30,33000,83,4,2,1
201,0,21,40000,10,0,3,0
202,0,34,85000,16,9,3,0
203,0,16,60000,0,6,8,0
204,0,76,60000,39,4,2,0
205,0,62,63000,59,0,2,0
206,0,63,10000,52,8,3,0
207,0,19,55000,61,0,3,0
208,0,46,93000,12,2,1,0
209,0,48,15000,7,0,2,0
210,0,80,39000,33,9,4,0
211,0,1,57000,93,1,2,1
212,0,0,22000,92,2,1,1
213,0,86,12000,70,2,4,1
214,0,49,50000,82,8,1,1
215,0,48,95000,68,2,4,0
216,0,46,66000,70,3,3,1
217,0,79,20000,40,6,2,0
218,0,83,35000,99,8,2,1
219,0,66,71000,34,9,2,0
220,0,59,76000,61,9,1,0
221,0,39,84000,33,5,3,0
222,0,95,72000,51,4,2,0
223,0,43,33000,55,4,3,0
224,0,93,93000,37,1,5,0
225,0,40,83000,48,4,1,0
226,0,78,23000,8,1,1,0
227,0,25,40000,77,5,4,1
228,0,76,89000,86,9,4,1
229,0,0,33000,64,1,1,0
230,0,15,94000,30,7,2,0
231,0,6,93000,53,8,2,0
232,0,84,7000,28,0,4,0
233,0,67,18000,88,0,2,1
234,0,78,3000,14,0,4,0
235,0,4,84000,54,9,1,0
236,0,29,62000,34,0,4,0
237,0,91,9000,96,1,5,1
238,0,95,36000,35,0,4,0
239,0,55,37000,74,1,4,1
240,0,14,50000,11,1,2,0
241,0,92,83000,16,1,5,0
242,0,65,79000,17,0,3,0
243,0,84,40000,14,1,4,0
244,0,77,47000,58,0,6,0
245,0,53,4000,20,0,4,0
246,0,28,38000,75,7,2,1
247,0,23,0,96,1,3,1
248,0,32,7000,16,1,2,0
249,0,37,41000,2,1,2,0
250,0,89,65000,0,0,5,0
251,0,80,20000,93,1,3,1
252,0,27,44000,65,8,1,0
253,0,78,3000,14,5,4,0
254,0,86,72000,13,7,3,0
255,0,46,27000,32,4,4,0
256,0,59,85000,49,4,2,0
257,0,12,38000,18,10,1,0
258,0,79,73000,96,6,7,1
259,0,79,64000,64,2,3,0
260,0,26,26000,60,6,4,0
261,0,63,47000,16,2,3,0
262,0,52,35000,85,2,6,1
263,0,32,31000,24,2,3,0
264,0,64,13000,38,3,4,0
265,0,37,79000,10,1,7,0
266,0,7,82000,39,2,2,0
267,0,40,28000,68,1,1,0
268,0,78,36000,79,0,3,1
269,0,34,8000,76,6,6,1
270,0,52,88000,39,1,2,0
271,0,94,91000,36,0,4,0
272,0,1,12000,82,0,3,1
273,0,96,1000,76,0,3,1
274,0,18,143000,99,0,2,1
275,0,37,18000,57,1,2,0
276,0,78,65000,89,1,2,1
277,0,16,9000,88,7,4,1
278,0,93,95000,21,1,1,0
279,0,74,78000,12,9,3,0
280,0,68,48000,73,3,3,1
281,0,32,63000,87,1,4,1
282,0,43,85000,63,1,2,0
283,0,52,43000,58,1,3,0
284,0,63,74000,20,1,2,0
285,0,33,67000,11,0,1,0
286,0,86,59000,40,0,1,0
287,0,85,140000,84,1,1,1
288,0,73,31000,47,1,2,0
289,0,21,5000,91,0,1,1
290,0,93,19000,58,1,3,0
291,0,9,27000,62,7,1,0
292,0,10,68000,80,6,3,1
293,0,11,38000,66,8,8,0
294,0,48,50000,36,6,4,0
295,0,73,80000,73,2,2,1
296,0,66,69000,43,9,3,0
297,0,79,31000,91,3,3,1
298,0,62,87000,41,6,2,0
299,0,17,79000,16,1,3,0
300,0,32,32000,86,5,2,1
301,0,85,153787,100,3,3,1
302,0,31,95851,16,5,2,0
303,0,31,145015,73,6,3,1
304,0,38,148539,7,5,2,0
305,0,90,117319,21,1,2,0
306,0,65,180243,26,6,2,0
307,0,63,165052,12,4,2,0
308,0,61,120487,14,0,2,0
309,0,26,112766,83,8,4,1
310,0,17,156488,65,1,4,0
311,0,56,97562,15,5,6,0
312,0,12,77501,30,5,4,0
313,0,24,118302,100,5,1,1
314,0,13,64277,9,9,4,0
315,0,12,53927,77,2,3,1
316,0,72,93921,93,9,2,1
317,0,54,132046,8,4,4,0
318,0,45,183217,91,7,2,1
319,0,66,182937,44,8,1,0
320,0,27,68272,56,8,4,0
321,0,36,69841,21,10,2,0
322,0,5,69078,60,13,1,0
323,0,89,110667,100,2,4,1
324,0,13,95469,94,6,1,1
325,0,91,102861,40,4,1,0
326,0,16,133551,7,3,1,0
327,0,63,64589,90,7,1,1
328,0,52,152755,39,4,2,0
329,0,37,92313,58,1,5,0
330,0,78,98922,2,2,3,0
331,0,24,165846,33,0,4,0
332,0,4,93713,62,3,4,0
333,0,84,137641,67,0,5,0
334,0,0,173743,96,0,4,1
335,0,67,116126,58,10,2,0
336,0,32,112246,30,8,3,0
337,0,39,69384,75,1,5,1
338,0,68,76529,62,0,2,0
339,0,7,123804,28,14,1,0
340,0,76,68292,55,8,2,0
341,0,84,173185,99,3,1,1
342,0,75,142034,82,1,4,1
343,0,22,107941,61,0,1,0
344,0,90,149840,61,1,1,0
345,0,4,148431,99,1,8,1
346,0,78,126599,84,0,3,1
347,0,58,57180,22,9,1,0
348,0,99,184426,41,9,1,0
349,0,24,151085,39,2,5,0
350,0,88,166107,98,13,4,1
351,0,92,67850,91,9,4,1
352,0,99,173394,4,13,1,0
353,0,51,72303,98,7,1,1
354,0,23,181760,35,14,3,0
355,0,13,146858,75,9,1,1
356,0,22,172923,20,6,1,0
357,0,89,115811,87,11,4,1
358,0,20,184324,51,13,5,0
359,0,72,67353,19,9,3,0
360,0,17,165999,71,9,3,1
361,0,90,164914,18,8,3,0
362,0,99,63364,61,1,2,0
363,0,39,182352,73,4,3,1
364,0,37,148544,56,1,2,0
365,0,46,62833,85,1,2,1
366,0,65,120627,72,0,2,1
367,0,60,130898,30,1,1,0
368,0,93,103130,74,12,3,1
369,0,72,106681,15,9,5,0
370,0,36,87353,25,1,5,0
371,0,52,88046,61,8,1,0
372,0,72,98168,49,1,2,0
373,0,28,178265,5,2,1,0
374,0,48,167232,92,6,4,1
375,0,85,140478,43,6,4,0
376,0,22,159296,83,8,1,1
377,0,30,144043,78,1,1,1
378,0,46,72594,64,1,2,0
379,0,82,180288,77,2,2,1
380,0,73,165734,51,0,1,0
381,0,8,175407,2,5,1,0
382,0,90,70201,8,0,2,0
383,0,34,91503,26,0,6,0
384,0,10,184522,43,0,2,0
385,0,79,143560,83,1,3,1
386,0,83,131574,97,1,2,1
387,0,20,151124,18,15,3,0
388,0,25,67447,5,15,2,0
389,0,26,117454,8,16,2,0
390,0,18,86203,23,13,1,0
391,0,7,136231,10,7,1,0
392,0,1,89144,1,12,2,0
393,0,21,119116,30,17,4,0
394,0,86,163463,31,9,4,0
395,0,75,151696,82,15,1,1
396,0,78,184736,52,13,1,0
397,0,87,70419,69,6,4,0
398,0,8,119104,41,14,3,0
399,0,59,130950,28,5,3,0
400,0,13,140950,77,15,2,1
401,0,55,82285,35,16,1,0
402,0,50,91389,92,11,7,1
403,0,54,186359,95,13,2,1
404,0,13,178989,46,14,3,0
405,0,79,166335,45,5,5,0
406,0,65,119889,11,17,6,0
407,0,51,66852,73,15,3,1
408,0,18,103896,36,16,4,0
409,0,21,187761,87,2,3,1
410,0,37,102717,93,7,4,1
411,0,83,102647,83,0,2,1
412,0,96,113585,31,0,4,0
413,0,65,86509,88,0,4,1
414,0,80,59099,44,1,7,0
415,0,75,135088,5,1,5,0
416,0,87,110870,78,1,4,1
417,0,86,187667,12,0,1,0
418,0,36,124614,25,8,5,0
419,0,78,166492,40,9,7,0
420,0,62,172758,69,1,2,0
421,0,89,122430,19,1,1,0
422,0,56,183540,96,0,6,1
423,0,35,96484,34,5,4,0
424,0,33,112587,71,1,4,1
425,0,58,155672,71,7,7,1
426,0,68,72847,93,1,2,1
427,0,38,71897,32,2,3,0
428,0,31,158479,57,1,5,0
429,0,90,89251,4,1,1,0
430,0,28,179911,24,1,1,0
431,0,1,111558,85,7,4,1
432,0,78,127615,78,10,7,1
433,0,23,50076,32,3,5,0
434,0,25,77779,62,4,1,0
435,0,59,169999,38,5,5,0
436,0,7,106581,76,1,7,1
437,0,24,78223,41,0,1,0
438,0,76,136259,14,0,7,0
439,0,37,153399,93,1,6,1
440,0,6,162858,91,0,1,1
441,0,0,57373,29,0,7,0
442,0,3,133602,47,1,1,0
443,0,95,66322,88,0,3,1
444,0,0,68761,16,1,4,0
445,0,7,70749,86,13,3,1
446,0,54,65874,87,7,6,1
447,0,89,115996,24,15,1,0
448,0,58,67097,91,6,1,1
449,0,12,108027,64,13,5,0
450,0,7,176349,80,8,2,1
451,0,11,88452,40,8,6,0
452,0,74,128266,55,7,4,0
453,0,64,156777,20,7,2,0
454,0,48,123234,50,10,7,0
455,0,8,60790,38,1,5,0
456,0,15,181332,99,14,6,1
457,0,1,187297,7,0,1,0
458,0,21,153885,86,6,6,1
459,0,84,53500,44,3,4,0
460,0,5,69443,28,4,6,0
461,0,47,124072,56,0,7,0
462,0,96,135800,29,0,7,0
463,0,93,120597,96,2,4,1
464,0,16,91358,11,1,4,0
465,0,56,53231,41,0,5,0
466,0,76,156330,31,1,2,0
467,0,0,186002,80,15,2,1
468,0,70,111760,53,12,5,0
469,0,47,143906,12,4,3,0
470,0,13,182410,22,11,4,0
471,0,86,98463,46,10,5,0
472,0,91,93762,28,15,7,0
473,0,97,104582,50,8,2,0
474,0,20,130813,92,17,5,1
475,0,11,59202,92,5,4,1
476,0,28,79968,45,9,2,0
477,0,32,104824,42,0,7,0
478,0,82,188719,30,0,6,0
479,0,39,187536,66,3,6,0
480,0,7,134008,85,2,1,1
481,0,13,176397,71,6,3,1
482,0,34,154888,43,9,6,0
483,0,76,155622,81,0,2,1
484,0,30,62330,60,1,1,0
485,0,69,112838,34,1,7,0
486,0,22,58283,59,2,4,0
487,0,60,77857,81,1,6,1
488,0,66,125024,25,0,1,0
489,0,57,136242,34,9,1,0
490,0,60,81934,81,1,4,1
491,0,59,130511,97,3,4,1
492,0,54,144502,88,3,1,1
493,0,90,63769,6,4,2,0
494,0,14,66760,20,0,4,0
495,0,34,135115,54,1,7,0
496,0,85,179877,17,12,4,0
497,0,83,93351,65,1,1,0
498,0,12,84547,96,3,3,1
499,0,95,121725,3,12,3,0
500,0,41,65723,91,6,7,1
501,0,38,96794,96,6,3,1
502,0,68,72352,61,8,5,0
503,0,4,53097,21,0,7,0
504,0,5,144831,17,1,3,0
505,0,3,183851,10,1,2,0
506,0,20,111896,90,1,3,1
507,0,3,64824,30,1,1,0
508,0,36,88565,16,1,5,0
509,0,70,104974,63,1,1,0
510,0,17,167060,47,1,5,0
511,0,31,69018,17,6,1,0
512,0,48,174109,96,0,1,1
513,0,28,62186,29,0,1,0
514,0,97,183783,70,9,3,1
515,0,81,83771,1,1,2,0
516,0,37,148196,91,0,2,1
517,0,85,131742,87,1,1,1
518,0,78,59971,94,14,7,1
519,0,13,88960,2,13,3,0
520,0,53,140107,38,1,5,0
521,0,41,161896,49,1,3,0
522,0,9,57272,60,1,1,0
523,0,20,119952,2,8,2,0
524,0,98,167197,63,1,5,0
525,0,44,186116,2,8,6,0
526,0,66,134677,59,15,5,0
527,0,58,180479,74,0,3,1
528,0,97,112783,21,9,6,0
529,0,13,150258,17,0,3,0
530,0,48,115832,92,2,2,1
531,0,47,104834,44,0,7,0
532,0,93,152571,66,14,5,0
533,0,11,162287,45,3,2,0
534,0,68,171761,59,1,6,0
535,0,87,77709,73,0,1,1
536,0,22,95053,17,1,2,0
537,0,89,74820,33,1,2,0
538,0,57,152267,92,9,5,1
539,0,91,71925,14,4,2,0
540,0,84,151340,95,1,7,1
541,0,56,162921,51,0,4,0
542,0,26,52234,30,1,2,0
543,0,56,100271,87,1,5,1
544,0,6,170266,23,3,2,0
545,0,33,88763,1,1,1,0
546,0,89,107359,26,10,6,0
547,0,99,164781,83,0,2,1
548,0,25,156016,85,2,1,1
549,0,96,186882,40,1,7,0
550,0,35,99300,88,5,2,1
551,0,16,58127,65,0,3,0
552,0,81,89211,12,1,7,0
553,0,7,148607,59,1,7,0
554,0,31,139592,62,1,1,0
555,0,16,172051,62,1,3,0
556,0,89,57033,99,0,4,1
557,0,84,117612,63,0,6,0
558,0,40,185321,96,0,7,1
559,0,17,186577,5,8,5,0
560,0,0,151298,89,0,6,1
561,0,69,123925,52,1,7,0
562,0,17,169496,12,11,6,0
563,0,0,142892,25,8,1,0
564,0,34,58979,3,9,5,0
565,0,51,141416,100,15,1,1
566,0,54,104854,67,1,7,0
567,0,19,180331,14,17,5,0
568,0,99,172896,13,0,3,0
569,0,2,101451,82,4,3,1
570,0,91,189974,37,8,1,0
571,0,65,90084,65,1,6,0
572,0,47,112247,24,4,5,0
573,0,91,181775,61,4,5,0
574,0,64,59088,31,1,3,0
575,0,91,60856,23,1,6,0
576,0,32,149900,34,6,3,0
577,0,15,142776,98,8,5,1
578,0,22,162598,84,8,3,1
579,0,37,146195,89,4,4,1
580,0,83,135268,53,4,5,0
581,0,89,136037,1,5,1,0
582,0,33,111191,67,9,4,0
583,0,13,144111,62,12,5,0
584,0,71,177359,56,6,2,0
585,0,10,112818,85,15,7,1
586,0,49,53509,98,5,4,1
587,0,9,168269,75,10,2,1
588,0,53,86766,2,16,3,0
589,0,63,52661,25,12,5,0
590,0,46,148520,14,11,5,0
591,0,42,149936,52,15,3,0
592,0,73,102296,31,7,5,0
593,0,75,178416,16,10,7,0
594,0,49,83788,41,15,1,0
595,0,96,184771,77,8,5,1
596,0,52,70302,88,14,3,1
597,0,15,58639,51,5,7,0
598,0,91,97879,40,15,7,0
599,0,22,64707,29,7,3,0
600,0,62,71795,87,8,1,1
601,0,41,76567,85,16,1,1
602,0,61,126370,20,11,4,0
603,0,71,154007,32,7,7,0
604,0,91,69720,78,17,6,1
605,0,94,85265,68,7,6,0
606,0,3,155864,31,13,3,0
607,0,15,99421,72,8,7,1
608,0,96,145457,57,2,1,0
609,0,12,118041,77,9,2,1
610,0,23,73759,83,0,7,1
611,0,94,90082,17,5,7,0
612,0,7,74928,12,0,6,0
613,0,74,101352,36,0,5,0
614,0,52,93947,81,9,2,1
615,0,39,134629,23,1,6,0
616,0,72,101858,70,8,6,1
617,0,55,165501,47,10,4,0
618,0,29,135931,74,5,1,1
619,0,38,103356,20,1,6,0
620,0,44,75195,79,1,3,1
621,0,58,123083,44,6,5,0
622,0,77,73884,30,1,2,0
623,0,56,91180,61,1,7,0
624,0,79,86235,52,0,2,0
625,0,97,96400,4,1,7,0
626,0,78,83599,12,1,6,0
627,0,91,82535,50,0,1,0
628,0,35,92227,8,0,5,0
629,0,43,150444,27,13,4,0
630,0,37,149095,83,1,2,1
631,0,63,113605,42,3,3,0
632,0,16,93854,82,0,7,1
633,0,32,118280,92,0,5,1
634,0,91,94576,90,0,1,1
635,0,33,129257,70,6,3,1
636,0,57,70373,10,2,6,0
637,0,43,77600,66,0,1,0
638,0,26,113707,97,0,5,1
639,0,59,189672,8,0,7,0
640,0,61,143180,58,0,5,0
641,0,59,174890,14,3,4,0
642,0,66,121377,19,7,7,0
643,0,26,154857,13,0,7,0
644,0,67,160945,51,0,5,0
645,0,85,119557,35,0,2,0
646,0,76,187141,33,0,7,0
647,0,57,97468,22,0,1,0
648,0,77,160351,77,8,5,1
649,0,66,178627,94,1,2,1
650,0,49,170188,80,1,6,1
651,0,36,166007,40,1,4,0
652,0,74,91794,83,0,7,1
653,0,16,189072,86,6,3,1
654,0,27,152717,15,1,6,0
655,0,3,158549,98,0,3,1
656,0,31,134263,94,1,3,1
657,0,30,148236,28,1,1,0
658,0,94,171677,81,0,6,1
659,0,31,189446,38,1,6,0
660,0,49,106633,53,0,3,0
661,0,49,81084,48,6,5,0
662,0,53,148759,52,7,7,0
663,0,3,117638,95,2,7,1
664,0,91,159537,37,4,1,0
665,0,26,79526,6,9,7,0
666,0,28,101414,64,8,1,0
667,0,92,109519,72,1,4,1
668,0,59,156880,70,0,7,1
669,0,15,157278,58,0,6,0
670,0,23,144916,84,1,7,1
671,0,54,59163,100,3,3,1
672,0,93,93991,49,1,3,0
673,0,65,58318,45,1,1,0
674,0,13,180786,88,1,5,1
675,0,71,84622,45,0,6,0
676,0,1,92674,59,8,4,0
677,0,57,87553,94,1,1,1
678,0,14,74174,79,1,2,1
679,0,77,180831,33,1,2,0
680,0,89,137397,33,1,7,0
681,0,17,96154,100,1,4,1
682,0,86,172477,69,1,3,0
683,0,42,59954,37,4,4,0
684,0,29,112240,95,0,4,1
685,0,54,145679,35,0,2,0
686,0,96,136265,49,12,5,0
687,0,58,74869,12,0,3,0
688,0,52,109425,46,0,1,0
689,0,3,126015,57,0,1,0
690,0,13,156951,66,4,7,0
691,0,3,127172,68,1,2,0
692,0,89,113834,22,0,3,0
693,0,83,132005,2,0,5,0
694,0,80,171323,78,10,4,1
695,0,74,92355,87,1,4,1
696,0,42,60982,3,0,5,0
697,0,91,51742,33,8,3,0
698,0,31,138612,71,9,2,1
699,0,8,158123,84,1,1,1
700,0,64,164675,65,0,5,0
701,0,41,172882,27,8,7,0
702,0,62,70119,93,0,1,1
703,0,41,113998,26,7,7,0
704,0,22,114011,40,5,7,0
705,0,5,57265,89,7,7,1
706,0,38,130597,2,6,1,0
707,0,88,121597,7,0,5,0
708,0,56,103210,100,6,6,1
709,0,47,66308,8,0,4,0
710,0,4,141336,93,2,1,1
711,0,82,153632,76,9,7,1
712,0,31,65520,71,1,2,1
713,0,69,153217,83,1,6,1
714,0,62,92768,75,1,1,1
715,0,54,132345,10,0,2,0
716,0,60,186069,49,1,2,0
717,0,31,53802,32,1,7,0
718,0,17,103739,62,6,4,0
719,0,15,50550,34,9,7,0
720,0,37,145648,21,7,6,0
721,0,36,85737,37,0,3,0
722,0,27,99950,20,0,4,0
723,0,11,83220,21,7,4,0
724,0,83,73410,50,8,5,0
725,0,71,64310,43,2,1,0
726,0,20,59844,79,0,1,1
727,0,3,67787,1,1,6,0
728,0,52,172841,4,0,1,0
729,0,75,145528,61,1,2,0
730,0,36,173807,42,0,2,0
731,0,60,185794,69,7,1,0
732,0,8,119780,71,1,3,1
733,0,9,158596,86,1,2,1
734,0,41,118122,52,0,6,0
735,0,38,99964,11,7,4,0
736,0,69,120752,27,1,6,0
737,0,33,189630,53,5,5,0
738,0,64,125510,6,3,3,0
739,0,19,101799,49,1,1,0
740,0,88,92914,74,0,3,1
741,0,91,162465,59,9,3,0
742,0,84,163818,27,2,1,0
743,0,43,53832,56,4,1,0
744,0,30,140190,49,1,4,0
745,0,16,125836,69,1,4,0
746,0,89,100938,27,0,7,0
747,0,5,168670,37,1,3,0
748,0,54,176885,10,0,3,0
749,0,41,111174,28,4,5,0
750,0,80,127335,97,6,6,1
751,0,37,149103,3,10,1,0
752,0,87,167705,31,0,7,0
753,0,50,183548,85,1,4,1
754,0,14,50396,46,0,6,0
755,0,17,63557,3,1,1,0
756,0,98,87878,55,1,6,0
757,0,3,55634,53,8,3,0
758,0,83,118110,26,1,5,0
759,0,13,129396,36,6,6,0
760,0,46,62628,64,8,6,0
761,0,25,51700,17,4,6,0
762,0,4,106816,49,7,5,0
763,0,64,93000,67,0,2,0
764,0,84,144148,71,1,4,1
765,0,12,101388,90,0,2,1
766,0,56,171560,78,0,2,1
767,0,58,156366,60,8,1,0
768,0,0,143910,22,1,7,0
769,0,25,106569,84,1,3,1
770,0,28,173009,25,9,6,0
771,0,78,54252,29,0,5,0
772,0,56,104600,57,6,3,0
773,0,91,50250,54,0,2,0
774,0,77,93242,84,0,7,1
775,0,83,156839,38,3,7,0
776,0,64,71305,39,9,2,0
777,0,19,85975,73,0,6,1
778,0,94,188107,52,10,2,0
779,0,19,82333,35,1,2,0
780,0,84,125016,25,1,7,0
781,0,10,148908,10,2,3,0
782,0,19,58217,70,0,1,1
783,0,74,76521,29,7,4,0
784,0,95,117763,42,1,2,0
785,0,34,115184,93,1,4,1
786,0,30,54251,7,2,6,0
787,0,53,112530,24,2,6,0
788,0,67,107409,2,1,6,0
789,0,23,84793,23,9,6,0
790,0,25,66952,79,1,2,1
791,0,84,153465,11,1,4,0
792,0,1,178214,17,1,7,0
793,0,70,152069,42,4,4,0
794,0,56,132860,17,7,2,0
795,0,0,147719,86,1,7,1
796,0,91,172915,29,9,1,0
797,0,81,148594,29,3,5,0
798,0,33,61986,77,0,1,1
799,0,75,91456,13,1,4,0
800,0,11,166247,84,1,2,1
801,0,61,140516,50,0,3,0
802,0,81,148208,36,5,7,0
803,0,62,133822,78,0,4,1
804,0,44,175424,32,4,5,0
805,0,67,121528,92,8,4,1
806,0,30,189369,69,0,3,0
807,0,92,80808,26,1,1,0
808,0,25,57535,84,1,7,1
809,0,61,163509,51,0,4,0
810,0,72,75884,57,0,7,0
811,0,89,157759,52,1,6,0
812,0,37,184813,44,0,2,0
813,0,59,187253,51,8,7,0
814,0,41,81718,36,1,3,0
815,0,60,150019,37,1,2,0
816,0,81,53452,73,1,6,1
817,0,85,150765,42,8,2,0
818,0,91,154456,71,0,7,1
819,0,65,56647,12,6,4,0
820,0,19,117477,48,6,7,0
821,0,78,79677,9,10,7,0
822,0,0,116759,28,7,3,0
823,0,26,180702,21,6,1,0
824,0,2,122698,100,8,1,1
825,0,60,169346,55,7,2,0
826,0,67,93176,25,4,1,0
827,0,4,75853,40,4,5,0
828,0,7,119362,58,8,1,0
829,0,28,81545,36,4,7,0
830,0,67,67372,75,0,7,1
831,0,30,109703,61,1,1,0
832,0,38,166697,39,13,4,0
833,0,40,124982,34,1,7,0
834,0,6,146776,83,1,7,1
835,0,3,147548,45,4,5,0
836,0,51,117620,60,7,6,0
837,0,63,85351,57,0,2,0
838,0,65,174432,8,0,7,0
839,0,44,70787,68,1,3,0
840,0,90,75473,63,0,7,0
841,0,76,90082,49,1,6,0
842,0,62,185388,54,0,2,0
843,0,5,168110,69,14,6,0
844,0,67,184628,38,12,2,0
845,0,38,176551,45,8,1,0
846,0,31,76422,21,9,7,0
847,0,2,164248,51,9,3,0
848,0,82,109188,38,5,7,0
849,0,66,132951,26,4,1,0
850,0,75,164598,32,8,1,0
851,0,69,186655,32,7,2,0
852,0,62,111859,86,6,1,1
853,0,0,121926,41,7,1,0
854,0,11,143047,42,1,3,0
855,0,22,131748,23,1,3,0
856,0,76,142801,23,0,1,0
857,0,85,142723,46,0,6,0
858,0,21,155151,16,14,3,0
859,0,64,153607,48,1,4,0
860,0,94,144192,34,0,3,0
861,0,83,174159,22,4,4,0
862,0,93,73642,50,0,3,0
863,0,12,170319,46,8,7,0
864,0,0,141351,10,0,2,0
865,0,79,167411,9,12,5,0
866,0,90,58289,49,5,6,0
867,0,45,79801,77,0,2,1
868,0,82,146118,52,8,7,0
869,0,57,57337,14,1,4,0
870,0,43,113575,6,1,2,0
871,0,63,122658,65,6,2,0
872,0,62,151836,13,0,6,0
873,0,43,185900,80,9,4,1
874,0,34,94029,98,1,4,1
875,0,30,157290,22,2,2,0
876,0,97,175996,42,10,4,0
877,0,68,102016,37,0,4,0
878,0,16,77902,67,1,2,0
879,0,15,81138,86,9,7,1
880,0,25,128258,48,0,2,0
881,0,29,62475,24,6,4,0
882,0,85,82854,75,6,4,1
883,0,30,59284,38,7,7,0
884,0,13,141580,92,0,4,1
885,0,88,171362,90,6,4,1
886,0,5,78274,65,9,2,0
887,0,95,76646,61,0,1,0
888,0,92,78308,66,5,2,0
889,0,63,78971,89,1,2,1
890,0,75,65528,73,1,5,1
891,0,67,94199,71,5,7,1
892,0,58,135705,48,8,7,0
893,0,52,130573,31,8,3,0
894,0,85,152303,68,1,5,0
895,0,31,144582,89,1,1,1
896,0,84,93288,60,10,6,0
897,0,93,88192,3,10,2,0
898,0,18,62362,81,7,3,1
899,0,73,74350,39,10,1,0
900,0,3,144103,42,8,7,0
901,0,1,75518,17,7,3,0
902,0,53,160980,62,4,2,0
903,0,75,102904,28,7,6,0
904,0,15,174501,37,9,7,0
905,0,47,157661,57,6,6,0
906,0,66,118385,8,10,3,0
907,0,17,116463,100,8,4,1
908,0,1,161212,14,9,6,0
909,0,16,172601,50,4,6,0
910,0,52,167214,94,8,7,1
911,0,21,69644,19,5,1,0
912,0,19,120215,46,7,2,0
913,0,29,180401,23,7,6,0
914,0,40,113739,93,5,7,1
915,0,76,111717,41,1,2,0
916,0,91,62808,20,0,4,0
917,0,24,67582,13,1,3,0
918,0,4,96543,60,9,1,0
919,0,90,89667,69,0,2,0
920,0,56,98980,65,0,1,0
921,0,14,124998,17,1,3,0
922,0,52,189091,12,0,6,0
923,0,14,153842,3,1,3,0
924,0,30,106314,16,0,7,0
925,0,70,62901,60,8,5,0
926,0,14,149618,78,4,6,1
927,0,95,72068,97,0,6,1
928,0,25,81367,87,0,3,1
929,0,95,118575,10,1,3,0
930,0,12,82382,97,1,3,1
931,0,82,114776,55,10,3,0
932,0,2,145597,81,1,6,1
933,0,51,162072,86,1,1,1
934,0,63,172872,11,0,7,0
935,0,30,182162,6,1,3,0
936,0,68,71467,81,5,7,1
937,0,21,85568,1,0,6,0
938,0,99,56851,72,6,3,1
939,0,0,116782,73,9,5,1
940,0,80,67781,1,4,4,0
941,0,51,70152,29,0,2,0
942,0,18,185861,82,3,6,1
943,0,43,162595,17,3,3,0
944,0,29,80098,54,10,6,0
945,0,20,184801,8,1,1,0
946,0,39,58908,37,6,6,0
947,0,9,146011,69,9,5,0
948,0,45,135174,39,9,4,0
949,0,65,114244,64,0,1,0
950,0,64,157207,52,0,4,0
951,0,81,128834,23,5,4,0
952,0,54,51166,24,0,7,0
953,0,32,130118,36,0,4,0
954,0,29,87014,71,11,4,1
955,0,25,111379,93,0,2,1
956,0,5,83704,82,1,1,1
957,0,55,90558,49,8,2,0
958,0,12,187343,14,6,3,0
959,0,81,111174,48,9,6,0
960,0,87,64461,63,4,4,0
961,0,12,109618,97,7,3,1
962,0,91,189357,4,7,1,0
963,0,63,120955,79,6,1,1
964,0,97,168898,54,8,7,0
965,0,89,130431,52,6,3,0
966,0,59,161091,56,9,1,0
967,0,26,69988,2,5,4,0
968,0,5,169702,98,5,1,1
969,0,32,186897,49,1,7,0
970,0,98,109061,41,6,1,0
971,0,31,188620,30,3,6,0
972,0,59,108675,57,4,5,0
973,0,80,177601,34,0,2,0
974,0,12,87365,3,1,2,0
975,0,80,95929,23,0,2,0
976,0,59,97185,87,0,5,1
977,0,56,103838,17,1,2,0
978,0,18,129260,11,1,3,0
979,0,66,151184,19,1,4,0
980,0,67,177512,62,2,3,0
981,0,39,140099,51,0,7,0
982,0,23,67535,97,7,6,1
983,0,47,133236,61,1,6,0
984,0,41,87975,5,9,7,0
985,0,40,164350,23,0,5,0
986,0,36,55109,53,8,3,0
987,0,12,67613,40,1,2,0
988,0,60,185306,47,0,2,0
989,0,24,154787,84,3,5,1
990,0,17,109759,96,9,3,1
991,0,92,114571,51,1,3,0
992,0,32,130697,93,1,2,1
993,0,39,115916,24,13,6,0
994,0,50,69814,53,9,2,0
995,0,85,118161,74,0,4,1
996,0,65,56583,65,2,3,0
997,0,17,185843,36,4,3,0
998,0,31,171825,22,10,4,0
999,0,24,77976,95,11,3,1
1000,0,97,66312,75,0,1,1
1001,0,92,81839,11,0,4,0
1002,0,80,55712,5,5,6,0
1003,0,33,158335,45,2,5,0
1004,0,8,74253,45,1,6,0
1005,0,67,119625,3,4,4,0
1006,0,8,129743,6,0,2,0
1007,0,61,101007,60,0,6,0
1008,0,83,87529,49,9,7,0
1009,0,8,151648,98,8,6,1
1010,0,69,61637,67,0,5,0
1011,0,14,164659,59,1,6,0
1012,0,80,125623,62,0,4,0
1013,0,85,104054,22,8,4,0
1014,0,88,83535,56,1,5,0
1015,0,76,166245,13,7,3,0
1016,0,32,100890,60,4,4,0
1017,0,99,55972,83,1,7,1
1018,0,85,134282,39,2,5,0
1019,0,25,106669,22,1,7,0
1020,0,99,145777,94,1,5,1
1021,0,41,119259,91,1,5,1
1022,0,1,150174,59,2,2,0
1023,0,45,55472,51,1,3,0
1024,0,55,99423,82,0,5,1
1025,0,20,146221,25,0,3,0
1026,0,33,84238,31,1,2,0
1027,0,92,57032,75,1,5,1
1028,0,93,88811,52,0,4,0
1029,0,60,167420,38,5,2,0
1030,0,38,101846,17,3,2,0
1031,0,15,114061,87,2,5,1
1032,0,74,147449,16,1,5,0
1033,0,47,83043,76,0,1,1
1034,0,96,168990,81,9,5,1
1035,0,97,73867,65,4,5,0
1036,0,35,165772,51,1,4,0
1037,0,19,178217,38,0,3,0
1038,0,60,162612,98,1,6,1
1039,0,37,99872,53,11,3,0
1040,0,49,142566,77,1,7,1
1041,0,1,111424,80,8,5,1
1042,0,43,187841,38,1,4,0
1043,0,46,171921,50,1,6,0
1044,0,65,115299,87,6,3,1
1045,0,75,94129,27,6,7,0
1046,0,40,172378,39,5,6,0
1047,0,28,146597,31,1,4,0
1048,0,78,64057,44,0,3,0
1049,0,22,163585,49,9,5,0
1050,0,6,93186,83,1,3,1
1051,0,46,149764,1,0,6,0
1052,0,17,116822,84,1,3,1
1053,0,46,109346,37,1,2,0
1054,0,72,111587,99,7,4,1
1055,0,38,166644,66,8,6,0
1056,0,50,181270,56,1,1,0
1057,0,47,65207,81,1,2,1
1058,0,72,112146,21,8,4,0
1059,0,8,104953,57,1,6,0
1060,0,34,139009,24,0,4,0
1061,0,53,67916,82,0,6,1
1062,0,82,99983,88,0,1,1
1063,0,63,131122,40,9,6,0
1064,0,58,173190,37,9,4,0
1065,0,23,122712,21,1,1,0
1066,0,80,55792,30,1,6,0
1067,0,45,73892,45,1,4,0
1068,0,30,78821,46,1,4,0
1069,0,84,152475,12,0,7,0
1070,0,45,152226,87,4,4,1
1071,0,85,117679,18,1,3,0
1072,0,23,146473,87,1,4,1
1073,0,79,66051,75,1,7,1
1074,0,47,162332,72,1,5,1
1075,0,93,166018,71,0,3,1
1076,0,95,67398,81,2,5,1
1077,0,44,73760,70,1,6,1
1078,0,95,167578,66,0,1,0
1079,0,28,130267,45,8,4,0
1080,0,91,94846,95,0,5,1
1081,0,81,155396,1,9,5,0
1082,0,90,138013,16,8,7,0
1083,0,79,148286,77,0,4,1
1084,0,6,101031,28,1,1,0
1085,0,38,52884,24,1,1,0
1086,0,87,153230,15,8,1,0
1087,0,93,63261,13,1,7,0
1088,0,44,90167,84,0,3,1
1089,0,10,162076,78,0,3,1
1090,0,84,53622,27,0,3,0
1091,0,7,172913,94,3,4,1
1092,0,41,94316,86,0,6,1
1093,0,87,141383,3,7,5,0
1094,0,33,67874,55,0,2,0
1095,0,34,176554,62,1,2,0
1096,0,53,135341,56,10,2,0
1097,0,47,129019,57,0,3,0
1098,0,53,107879,3,1,6,0
1099,0,92,79531,4,1,1,0
1100,0,89,63379,59,12,7,0
1101,0,27,156258,54,0,4,0
1102,0,70,67874,41,9,3,0
1103,0,86,159964,57,5,6,0
1104,0,99,103706,50,1,2,0
1105,0,96,64713,84,2,7,1
1106,0,65,90414,55,1,5,0
1107,0,82,171100,34,0,5,0
1108,0,36,187305,85,6,7,1
1109,0,30,139758,46,0,6,0
1110,0,96,91226,56,0,5,0
1111,0,69,143928,30,9,7,0
1112,0,34,92366,14,0,6,0
1113,0,74,175041,25,4,1,0
1114,0,97,147301,93,1,5,1
1115,0,56,119296,49,0,7,0
1116,0,30,126306,44,0,1,0
1117,0,13,100647,49,1,3,0
1118,0,95,168663,16,11,5,0
1119,0,2,105391,42,1,7,0
1120,0,78,175179,43,9,4,0
1121,0,54,165019,12,1,2,0
1122,0,85,68212,26,7,4,0
1123,0,13,64572,71,1,2,1
1124,0,85,92591,99,8,2,1
1125,0,41,69730,97,1,4,1
1126,0,25,156793,57,2,4,0
1127,0,74,56848,41,5,1,0
1128,0,8,148450,55,0,6,0
1129,0,62,150619,32,10,6,0
1130,0,52,100261,10,1,6,0
1131,0,36,109895,56,5,2,0
1132,0,11,152684,24,0,3,0
1133,0,84,133765,83,1,3,1
1134,0,99,57677,99,0,5,1
1135,0,51,112358,27,0,6,0
1136,0,57,73845,52,1,7,0
1137,0,92,89531,42,6,2,0
1138,0,29,118092,100,7,3,1
1139,0,62,144242,49,1,4,0
1140,0,43,140876,90,0,4,1
1141,0,72,76888,26,0,1,0
1142,0,28,116644,88,6,3,1
1143,0,57,143021,3,5,4,0
1144,0,86,145679,91,9,6,1
1145,0,26,64398,7,1,6,0
1146,0,13,104512,40,9,3,0
1147,0,1,71564,68,1,5,0
1148,0,89,122707,64,2,3,0
1149,0,91,51733,96,0,5,1
1150,0,67,138087,63,1,7,0
1151,0,63,147278,51,0,4,0
1152,0,90,187339,62,0,6,0
1153,0,87,129972,97,1,6,1
1154,0,89,151176,55,1,2,0
1155,0,34,74358,60,0,6,0
1156,0,89,83953,82,0,3,1
1157,0,31,62925,24,1,6,0
1158,0,55,65257,93,2,3,1
1159,0,3,188557,4,9,2,0
1160,0,64,163783,84,3,1,1
1161,0,1,108342,97,0,3,1
1162,0,20,155951,21,7,4,0
1163,0,18,183071,29,7,4,0
1164,0,83,124104,20,4,6,0
1165,0,21,136747,3,1,1,0
1166,0,19,189498,18,4,1,0
1167,0,74,76149,48,9,6,0
1168,0,44,185550,54,0,1,0
1169,0,52,119567,19,5,2,0
1170,0,14,79806,30,1,6,0
1171,0,10,180774,66,1,5,0
1172,0,80,90142,50,1,2,0
1173,0,82,184481,84,0,2,1
1174,0,32,66089,75,6,3,1
1175,0,16,60044,83,4,1,1
1176,0,61,52543,23,0,6,0
1177,0,57,50429,23,0,1,0
1178,0,95,178228,45,1,2,0
1179,0,38,161130,98,8,3,1
1180,0,70,87976,38,1,6,0
1181,0,40,179150,91,5,2,1
1182,0,92,163442,32,1,6,0
1183,0,73,108159,18,8,7,0
1184,0,62,73419,14,0,1,0
1185,0,12,138425,78,11,6,1
1186,0,65,54431,93,1,7,1
1187,0,88,168437,81,2,2,1
1188,0,55,71322,54,1,6,0
1189,0,99,122548,14,2,5,0
1190,0,20,141428,32,1,5,0
1191,0,97,142214,32,7,4,0
1192,0,93,62590,43,9,6,0
1193,0,84,172523,83,6,2,1
1194,0,16,157588,76,2,6,1
1195,0,10,143313,57,4,7,0
1196,0,59,119833,38,1,2,0
1197,0,54,70803,35,0,5,0
1198,0,82,139008,47,1,4,0
1199,0,83,126669,53,1,6,0
1200,0,87,122722,10,9,4,0
1201,0,1,79800,47,0,1,0
1202,0,89,100155,5,6,1,0
1203,0,32,110846,49,0,2,0
1204,0,1,106841,69,0,3,0
1205,0,54,117181,66,12,5,0
1206,0,56,86898,76,0,6,1
1207,0,31,143241,81,4,7,1
1208,0,26,146028,33,0,5,0
1209,0,7,165287,65,1,3,0
1210,0,60,132486,9,1,2,0
1211,0,92,96424,74,8,5,1
1212,0,93,151468,41,1,5,0
1213,0,8,76561,79,0,1,1
1214,0,81,125316,81,0,6,1
1215,0,21,109373,22,4,2,0
1216,0,96,135042,12,0,7,0
1217,0,78,59784,81,3,3,1
1218,0,86,140687,63,1,2,0
1219,0,1,182927,55,1,1,0
1220,0,62,175534,44,1,6,0
1221,0,68,170957,6,1,3,0
1222,0,70,81197,76,0,4,1
1223,0,21,104888,8,0,4,0
1224,0,74,184838,18,8,5,0
1225,0,62,139588,66,0,2,0
1226,0,22,126543,45,0,3,0
1227,0,87,177260,45,14,2,0
1228,0,44,156823,42,9,5,0
1229,0,27,183201,52,8,6,0
1230,0,95,84925,46,4,6,0
1231,0,89,69719,47,9,2,0
1232,0,41,61355,13,1,3,0
1233,0,41,156014,49,14,5,0
1234,0,21,184088,21,11,7,0
1235,0,59,158372,98,1,1,1
1236,0,64,135742,67,1,7,0
1237,0,38,145704,82,0,4,1
1238,0,70,157307,23,4,3,0
1239,0,25,88064,73,1,5,1
1240,0,3,167226,59,3,1,0
1241,0,70,153821,8,1,4,0
1242,0,29,170669,78,9,5,1
1243,0,88,93555,13,3,3,0
1244,0,20,101941,18,1,3,0
1245,0,58,78795,44,0,6,0
1246,0,70,55875,94,0,5,1
1247,0,44,177513,81,1,5,1
1248,0,87,100850,83,0,3,1
1249,0,0,143082,63,0,7,0
1250,0,96,85447,4,9,6,0
1251,0,75,114213,33,9,4,0
1252,0,14,161120,69,0,1,0
1253,0,8,186682,86,1,1,1
1254,0,58,105302,75,0,3,1
1255,0,5,133400,47,0,6,0
1256,0,70,56432,23,0,5,0
1257,0,49,136467,72,3,3,1
1258,0,60,189945,20,0,5,0
1259,0,25,163966,48,1,5,0
1260,0,47,52152,17,0,3,0
1261,0,53,145720,62,12,7,0
1262,0,24,188034,61,1,5,0
1263,0,46,127911,3,9,2,0
1264,0,70,174114,31,1,1,0
1265,0,53,144489,10,14,3,0
1266,0,63,77440,47,0,5,0
1267,0,24,86119,44,1,6,0
1268,0,5,100056,49,1,3,0
1269,0,7,66686,50,8,7,0
1270,0,71,74696,41,1,6,0
1271,0,23,65641,50,4,5,0
1272,0,0,61228,81,1,6,1
1273,0,2,138529,87,0,4,1
1274,0,72,152405,4,1,4,0
1275,0,18,157757,84,0,4,1
1276,0,11,166361,59,6,4,0
1277,0,95,67227,30,1,7,0
1278,0,20,161156,88,0,4,1
1279,0,58,170647,70,1,7,1
1280,0,67,161646,36,0,2,0
1281,0,43,98016,18,9,6,0
1282,0,36,50526,19,0,6,0
1283,0,2,175208,43,8,4,0
1284,0,35,97721,48,0,7,0
1285,0,81,142013,81,3,4,1
1286,0,84,166737,76,0,3,1
1287,0,18,62651,13,0,2,0
1288,0,54,179546,4,8,4,0
1289,0,98,51866,81,12,7,1
1290,0,75,86297,42,9,4,0
1291,0,98,65031,23,0,4,0
1292,0,94,69383,25,0,2,0
1293,0,24,70733,63,5,3,0
1294,0,47,187898,89,6,2,1
1295,0,40,116001,55,1,4,0
1296,0,68,87040,4,9,1,0
1297,0,18,180956,74,2,2,1
1298,0,83,115517,82,0,6,1
1299,0,34,76979,46,1,3,0
1300,0,81,50798,56,10,5,0
1301,0,61,146350,43,1,3,0
1302,0,77,81112,61,5,3,0
1303,0,52,80605,20,1,6,0
1304,0,40,171949,11,1,6,0
1305,0,93,159006,26,8,6,0
1306,0,45,177368,96,1,2,1
1307,0,83,187643,3,1,1,0
1308,0,23,93841,25,0,7,0
1309,0,15,131061,92,0,7,1
1310,0,79,146130,20,6,6,0
1311,0,80,84471,79,1,5,1
1312,0,35,144485,15,0,4,0
1313,0,39,158638,78,2,5,1
1314,0,4,96693,28,0,4,0
1315,0,83,129507,93,4,7,1
1316,0,94,114510,39,0,4,0
1317,0,33,109396,17,1,2,0
1318,0,12,149031,96,10,5,1
1319,0,77,66256,13,1,2,0
1320,0,48,118285,69,8,4,0
1321,0,97,128723,58,4,5,0
1322,0,28,178285,91,4,7,1
1323,0,99,144176,74,7,2,1
1324,0,27,82474,31,9,3,0
1325,0,95,159010,84,6,2,1
1326,0,6,76164,83,6,2,1
1327,0,18,77873,49,6,5,0
1328,0,42,53392,89,6,4,1
1329,0,50,168898,41,9,7,0
1330,0,86,128917,7,5,5,0
1331,0,69,185067,49,5,4,0
1332,0,23,132183,76,10,3,1
1333,0,82,82060,46,7,1,0
1334,0,97,133614,58,7,4,0
1335,0,42,94844,64,7,6,0
1336,0,75,76474,5,5,5,0
1337,0,14,94655,9,8,1,0
1338,0,3,60933,30,8,1,0
1339,0,16,79257,82,6,2,1
1340,0,45,125677,36,5,2,0
1341,0,23,127971,56,1,5,0
1342,0,38,76103,62,9,3,0
1343,0,45,114741,96,0,5,1
1344,0,82,157994,92,1,1,1
1345,0,73,93786,44,3,1,0
1346,0,36,75178,41,1,7,0
1347,0,13,175267,81,1,4,1
1348,0,96,99263,100,8,1,1
1349,0,83,52590,3,0,4,0
1350,0,33,170959,75,0,4,1
1351,0,68,135076,60,1,5,0
1352,0,88,167112,34,0,1,0
1353,0,87,184639,12,1,6,0
1354,0,88,172369,80,6,6,1
1355,0,43,124256,67,1,7,0
1356,0,64,89972,92,10,6,1
1357,0,96,67799,42,1,6,0
1358,0,72,176074,70,1,7,1
1359,0,48,167517,27,2,7,0
1360,0,64,77914,11,1,6,0
1361,0,8,57605,81,0,2,1
1362,0,52,86365,70,1,7,1
1363,0,3,93883,39,1,2,0
1364,0,44,131091,62,4,1,0
1365,0,14,87222,14,8,4,0
1366,0,50,117076,45,1,2,0
1367,0,53,150925,1,1,2,0
1368,0,31,149379,100,0,3,1
1369,0,31,138644,94,4,3,1
1370,0,97,148493,42,4,7,0
1371,0,27,84658,66,4,6,0
1372,0,2,111618,99,6,5,1
1373,0,81,108759,60,7,6,0
1374,0,64,186203,73,10,5,1
1375,0,11,147258,59,10,2,0
1376,0,78,132983,67,7,7,0
1377,0,72,149092,39,8,1,0
1378,0,36,163845,84,5,7,1
1379,0,97,117777,67,5,5,0
1380,0,88,131584,18,7,3,0
1381,0,21,123904,91,7,5,1
1382,0,62,89801,88,5,4,1
1383,0,73,173466,57,10,5,0
1384,0,34,55690,4,4,6,0
1385,0,50,104467,72,5,1,1
1386,0,39,100419,19,5,4,0
1387,0,82,62951,47,8,2,0
1388,0,39,118554,1,4,6,0
1389,0,13,140673,49,6,7,0
1390,0,68,75561,87,5,3,1
1391,0,77,147306,50,6,6,0
1392,0,35,111871,30,10,1,0
1393,0,5,112884,43,0,6,0
1394,0,47,121267,58,1,1,0
1395,0,48,151519,93,7,2,1
1396,0,34,105448,40,0,5,0
1397,0,20,92048,91,1,1,1
1398,0,61,99980,94,10,1,1
1399,0,16,84003,68,9,6,0
1400,0,2,110889,95,1,2,1
1401,0,52,82478,95,10,1,1
1402,0,99,139685,20,1,4,0
1403,0,84,182374,62,0,6,0
1404,0,58,119366,94,4,2,1
1405,0,91,53788,57,0,2,0
1406,0,1,90341,92,0,2,1
1407,0,67,118348,94,1,7,1
1408,0,56,137428,87,0,2,1
1409,0,62,106982,53,1,7,0
1410,0,12,98532,52,0,6,0
1411,0,38,120825,24,9,7,0
1412,0,51,58006,83,1,5,1
1413,0,20,106941,73,1,1,1
1414,0,43,129782,31,1,2,0
1415,0,93,121513,90,0,6,1
1416,0,54,79925,30,0,3,0
1417,0,23,112089,74,7,7,1
1418,0,1,138656,27,3,4,0
1419,0,64,146794,90,8,3,1
1420,0,55,75033,30,5,5,0
1421,0,85,149969,78,0,6,1
1422,0,20,124852,39,5,5,0
1423,0,73,154837,42,8,4,0
1424,0,53,145678,55,0,1,0
1425,0,7,137354,89,8,7,1
1426,0,50,136660,48,1,3,0
1427,0,12,63334,99,0,6,1
1428,0,37,62893,29,1,5,0
1429,0,78,163514,89,9,2,1
1430,0,29,145934,40,10,2,0
1431,0,54,119223,58,10,7,0
1432,0,89,127479,18,10,2,0
1433,0,25,136146,98,6,6,1
1434,0,14,76001,46,7,3,0
1435,0,12,84885,24,6,2,0
1436,0,18,82812,1,6,2,0
1437,0,74,51260,43,5,5,0
1438,0,21,159572,42,5,5,0
1439,0,9,130186,88,9,7,1
1440,0,49,176954,57,5,6,0
1441,0,58,85908,99,5,4,1
1442,0,16,75831,5,10,7,0
1443,0,55,123045,56,7,3,0
1444,0,31,161211,10,9,1,0
1445,0,59,81702,27,6,4,0
1446,0,25,173043,3,8,6,0
1447,0,63,126380,90,6,1,1
1448,0,60,128205,27,6,5,0
1449,0,41,181355,73,10,3,1
1450,0,84,97931,70,9,7,1
1451,0,72,146432,25,6,1,0
1452,0,97,125731,41,6,4,0
1453,0,43,132701,70,5,2,1
1454,0,63,116095,8,5,1,0
1455,0,7,135773,42,9,5,0
1456,0,54,136417,45,9,6,0
1457,0,27,80783,82,9,3,1
1458,0,28,182580,60,6,6,0
1459,0,84,143567,48,7,2,0
1460,0,71,85908,85,5,4,1
1461,0,88,139806,99,4,4,1
1462,0,75,77269,24,8,1,0
1463,0,96,105968,65,4,5,0
1464,0,83,125660,19,10,4,0
1465,0,86,98444,76,7,4,1
1466,0,60,179503,9,4,3,0
1467,0,5,60575,14,5,2,0
1468,0,65,75685,19,7,3,0
1469,0,49,85374,45,8,5,0
1470,0,78,128642,19,5,6,0
1471,0,25,182292,78,7,5,1
1472,0,5,124702,94,10,3,1
1473,0,58,127833,2,7,7,0
1474,0,80,178866,97,8,4,1
1475,0,94,183643,51,5,5,0
1476,0,62,113306,4,5,6,0
1477,0,20,84008,77,8,4,1
1478,0,85,85758,35,10,4,0
1479,0,72,63128,45,8,7,0
1480,0,95,70174,6,10,6,0
1481,0,97,170133,42,5,5,0
1482,0,25,165978,42,7,3,0
1483,0,17,149727,78,7,3,1
1484,0,19,147052,86,9,4,1
1485,0,59,113389,79,4,6,1
1486,0,30,111690,73,10,4,1
1487,0,63,184830,60,9,3,0
1488,0,23,91549,23,4,3,0
1489,0,97,94629,17,6,3,0
1490,0,97,167558,99,4,7,1
1491,0,94,119189,57,9,3,0
1492,0,28,96207,67,5,5,0
1493,0,21,85339,6,4,7,0
1494,0,25,111942,7,5,5,0
1495,0,48,157003,45,5,4,0
1496,0,53,117123,23,9,7,0
1497,0,97,172747,76,7,2,1
1498,0,33,157358,52,7,4,0
1499,0,5,156655,20,4,5,0
1500,0,72,166043,93,7,6,1
1501,0,40,67768,15,10,6,0
1502,0,34,171353,34,8,4,0
1503,0,63,116971,76,7,5,1
1504,0,85,97822,38,5,3,0
1505,0,86,117203,83,10,3,1
1506,0,63,88720,100,10,1,1
1507,0,9,173233,18,5,1,0
1508,0,76,139447,36,8,7,0
1509,0,19,179269,93,6,3,1
1510,0,84,136254,90,5,6,1
1511,0,38,174594,56,8,2,0
1512,0,1,100429,19,9,1,0
1513,0,30,73107,48,9,1,0
1514,0,86,98344,25,6,6,0
1515,0,21,163509,21,10,1,0
1516,0,15,116204,16,8,2,0
1517,0,87,95853,53,9,1,0
1518,0,40,156411,70,6,5,1
1519,0,2,72889,36,5,7,0
1520,0,63,106691,79,9,3,1
1521,0,26,144832,42,5,3,0
1522,0,29,132297,53,8,1,0
1523,0,7,170345,3,9,5,0
1524,0,28,157383,13,8,2,0
1525,0,99,150782,18,8,2,0
1526,0,69,143987,87,10,5,1
1527,0,13,129659,59,6,7,0
1528,0,73,104826,36,5,1,0
1529,0,4,181471,59,10,4,0
1530,0,42,152547,56,7,4,0
1531,0,43,85347,9,1,1,0
1532,0,79,122828,32,0,5,0
1533,0,18,107794,17,0,5,0
1534,0,39,152566,11,1,7,0
1535,0,41,91715,99,0,3,1
1536,0,60,99222,48,1,6,0
1537,0,39,70280,99,0,4,1
1538,0,90,70030,86,1,2,1
1539,0,83,102083,24,1,1,0
1540,0,92,166163,87,8,5,1
1541,0,6,182871,27,8,6,0
1542,0,50,187545,61,4,6,0
1543,0,90,182910,86,0,1,1
1544,0,13,174530,30,1,6,0
1545,0,27,115438,37,0,6,0
1546,0,93,93964,80,4,2,1
1547,0,61,180341,75,1,3,1
1548,0,91,107323,1,7,7,0
1549,0,79,119435,55,0,7,0
1550,0,80,68341,22,13,6,0
1551,0,16,95365,60,0,5,0
1552,0,4,131093,79,1,7,1
1553,0,34,100621,3,1,1,0
1554,0,10,116521,47,0,2,0
1555,0,3,136316,88,0,3,1
1556,0,96,172039,51,0,6,0
1557,0,48,70844,22,0,3,0
1558,0,25,100964,96,1,6,1
1559,0,98,128037,39,6,2,0
1560,0,84,97081,75,1,3,1
1561,0,88,92247,47,0,6,0
1562,0,86,129914,92,1,3,1
1563,0,0,94014,53,9,5,0
1564,0,56,138864,93,0,5,1
1565,0,6,169299,46,1,5,0
1566,0,2,119097,40,0,7,0
1567,0,73,68161,23,1,2,0
1568,0,38,181108,32,1,1,0
1569,0,37,87764,59,9,7,0
1570,0,41,102543,54,7,3,0
1571,0,94,139417,13,1,3,0
1572,0,57,81802,29,9,1,0
1573,0,96,102788,51,0,1,0
1574,0,59,163179,19,1,7,0
1575,0,87,71318,22,1,3,0
1576,0,55,63683,34,3,1,0
1577,0,16,189689,37,8,5,0
1578,0,82,121610,36,0,5,0
1579,0,83,150682,25,1,1,0
1580,0,96,124550,46,0,3,0
1581,0,55,148875,99,0,4,1
1582,0,6,107117,44,1,3,0
1583,0,33,109223,43,1,5,0
1584,0,0,120899,7,2,6,0
1585,0,27,101948,31,0,5,0
1586,0,72,143169,58,0,4,0
1587,0,13,167619,4,7,6,0
1588,0,19,181795,59,3,5,0
1589,0,48,186445,41,0,1,0
1590,0,58,102205,24,1,1,0
1591,0,21,52326,69,0,2,0
1592,0,91,82992,5,1,5,0
1593,0,44,145520,55,1,7,0
1594,0,80,104820,96,2,4,1
1595,0,28,69025,79,0,2,1
1596,0,74,164976,89,0,4,1
1597,0,79,178576,51,5,5,0
1598,0,42,72415,52,0,5,0
1599,0,80,112146,24,0,3,0
1600,0,8,144830,43,0,1,0
1601,0,24,51661,79,0,7,1
1602,0,71,152910,90,1,6,1
1603,0,1,114556,64,0,7,0
1604,0,0,143455,62,1,6,0
1605,0,30,173096,92,0,3,1
1606,0,52,121172,97,5,4,1
1607,0,34,56492,15,8,1,0
1608,0,64,156422,39,1,7,0
1609,0,17,131863,94,1,7,1
1610,0,71,118096,36,0,3,0
1611,0,87,149685,30,9,6,0
1612,0,68,89765,28,0,7,0
1613,0,14,177701,49,0,6,0
1614,0,24,64738,67,0,6,0
1615,0,10,92734,28,1,4,0
1616,0,53,146877,47,4,3,0
1617,0,39,62935,60,0,7,0
1618,0,16,67178,17,8,3,0
1619,0,64,115754,35,1,3,0
1620,0,41,186470,21,0,7,0
1621,0,16,100939,34,7,6,0
1622,0,94,86172,55,4,4,0
1623,0,40,184222,17,0,2,0
1624,0,81,71543,1,1,4,0
1625,0,18,174836,63,0,4,0
1626,0,78,130706,72,3,6,1
1627,0,8,74407,100,0,6,1
1628,0,64,130055,46,2,1,0
1629,0,45,88707,81,0,5,1
1630,0,99,162762,52,1,1,0
1631,0,59,154821,77,0,2,1
1632,0,53,57248,66,5,5,0
1633,0,66,99902,54,10,2,0
1634,0,1,165711,50,1,2,0
1635,0,73,97455,55,6,4,0
1636,0,34,93866,43,9,2,0
1637,0,1,141307,17,1,3,0
1638,0,73,172011,9,1,5,0
1639,0,90,68138,18,2,7,0
1640,0,32,123246,100,8,6,1
1641,0,47,124194,32,1,7,0
1642,0,15,188696,87,8,3,1
1643,0,78,91213,84,3,5,1
1644,0,83,166650,99,1,3,1
1645,0,2,52727,60,1,3,0
1646,0,75,126469,86,1,2,1
1647,0,45,138775,17,0,7,0
1648,0,49,68901,70,7,7,1
1649,0,41,118621,7,0,7,0
1650,0,34,109263,77,0,1,1
1651,0,82,150012,83,3,6,1
1652,0,37,133850,85,9,3,1
1653,0,25,81640,95,1,6,1
1654,0,52,133214,1,9,7,0
1655,0,23,186723,42,8,5,0
1656,0,96,92100,23,9,3,0
1657,0,5,64484,10,0,5,0
1658,0,47,69024,3,4,5,0
1659,0,81,171194,55,0,5,0
1660,0,4,183282,34,1,1,0
1661,0,8,100099,74,1,3,1
1662,0,35,164435,26,1,3,0
1663,0,67,172407,60,9,3,0
1664,0,9,84781,14,1,3,0
1665,0,82,186130,61,3,7,0
1666,0,2,56782,10,9,5,0
1667,0,95,137206,4,0,4,0
1668,0,9,146950,92,6,5,1
1669,0,99,174275,4,0,2,0
1670,0,96,97705,41,8,2,0
1671,0,92,188984,69,1,4,0
1672,0,24,119238,55,1,3,0
1673,0,58,87923,19,0,5,0
1674,0,15,128573,97,1,1,1
1675,0,13,132374,96,0,3,1
1676,0,51,135164,75,9,3,1
1677,0,9,165194,10,8,3,0
1678,0,0,126060,92,1,3,1
1679,0,67,89366,55,9,3,0
1680,0,58,95172,77,1,5,1
1681,0,55,95975,49,0,1,0
1682,0,52,165573,59,0,7,0
1683,0,83,180887,59,1,1,0
1684,0,83,142720,86,0,1,1
1685,0,90,113460,54,1,7,0
1686,0,87,110434,20,7,3,0
1687,0,67,146016,38,1,6,0
1688,0,81,101073,67,0,7,0
1689,0,36,62617,10,9,3,0
1690,0,51,96028,37,0,5,0
1691,0,31,186334,37,0,1,0
1692,0,57,163473,52,0,1,0
1693,0,83,89819,59,4,2,0
1694,0,51,69388,33,3,4,0
1695,0,15,134748,76,1,6,1
1696,0,18,149915,94,14,1,1
1697,0,88,104098,48,1,6,0
1698,0,70,80160,10,8,5,0
1699,0,9,124125,91,1,2,1
1700,0,6,170226,31,0,3,0
1701,0,8,53306,98,0,2,1
1702,0,55,103933,31,6,3,0
1703,0,69,85401,10,4,6,0
1704,0,18,53812,32,9,5,0
1705,0,13,60771,50,1,7,0
1706,0,69,56398,75,8,3,1
1707,0,69,171118,91,9,3,1
1708,0,69,79806,73,0,5,1
1709,0,89,150187,35,0,5,0
1710,0,45,129455,14,0,3,0
1711,0,75,116813,72,10,6,1
1712,0,54,95734,39,8,7,0
1713,0,33,76654,48,4,1,0
1714,0,67,86289,96,1,5,1
1715,0,26,176147,19,0,1,0
1716,0,5,142351,97,0,7,1
1717,0,65,186673,51,1,1,0
1718,0,94,131521,62,0,6,0
1719,0,95,50223,15,8,1,0
1720,0,48,74308,23,1,2,0
1721,0,41,155881,22,0,7,0
1722,0,92,168303,16,9,4,0
1723,0,44,182748,58,1,7,0
1724,0,35,52374,73,1,1,1
1725,0,34,86154,17,1,2,0
1726,0,52,163612,51,0,5,0
1727,0,64,64756,17,10,1,0
1728,0,62,185257,58,1,4,0
1729,0,58,78669,75,1,7,1
1730,0,15,164520,47,1,7,0
1731,0,65,92135,49,6,4,0
1732,0,20,103195,68,0,7,0
1733,0,21,161663,36,1,7,0
1734,0,79,57039,34,2,6,0
1735,0,91,54754,4,0,2,0
1736,0,92,136531,76,1,4,1
1737,0,62,120838,79,1,4,1
1738,0,94,127927,48,0,4,0
1739,0,10,164214,77,0,4,1
1740,0,53,145498,66,8,4,0
1741,0,7,129215,69,9,6,0
1742,0,92,152429,76,0,2,1
1743,0,12,89252,31,0,5,0
1744,0,31,147447,23,6,7,0
1745,0,93,74467,33,5,1,0
1746,0,66,127410,37,8,2,0
1747,0,49,91290,44,7,7,0
1748,0,64,92812,97,5,7,1
1749,0,27,170166,18,10,4,0
1750,0,33,150823,75,4,1,1
1751,0,79,95839,30,7,2,0
1752,0,14,60175,60,9,7,0
1753,0,22,153024,91,10,7,1
1754,0,8,116858,67,5,7,0
1755,0,6,122961,47,8,2,0
1756,0,81,141471,45,8,6,0
1757,0,69,76155,14,8,7,0
1758,0,0,108169,24,10,3,0
1759,0,61,139520,39,8,4,0
1760,0,62,182631,52,5,3,0
1761,0,95,177134,78,10,2,1
1762,0,32,181703,54,6,2,0
1763,0,13,61917,16,7,2,0
1764,0,1,140648,36,9,7,0
1765,0,63,176783,40,9,4,0
1766,0,75,59741,67,10,5,0
1767,0,43,156567,89,7,6,1
1768,0,29,110309,21,6,2,0
1769,0,82,111077,55,9,7,0
1770,0,87,170333,96,4,2,1
1771,0,66,183339,39,7,4,0
1772,0,99,84167,46,10,7,0
1773,0,54,184815,50,6,3,0
1774,0,49,122556,74,9,7,1
1775,0,60,174768,66,9,2,0
1776,0,75,172309,82,4,1,1
1777,0,77,117920,4,10,4,0
1778,0,34,134882,61,10,3,0
1779,0,63,77259,11,6,6,0
1780,0,38,170019,38,7,2,0
1781,0,68,176884,94,10,2,1
1782,0,80,106709,93,10,2,1
1783,0,8,168723,31,7,2,0
1784,0,86,90228,68,7,5,0
1785,0,1,89473,85,10,4,1
1786,0,56,131911,42,7,7,0
1787,0,14,140107,63,6,6,0
1788,0,4,170403,44,4,5,0
1789,0,58,51416,46,7,5,0
1790,0,6,52648,2,5,2,0
1791,0,17,125471,48,7,1,0
1792,0,55,106153,62,10,1,0
1793,0,14,124785,28,7,2,0
1794,0,22,101474,14,10,2,0
1795,0,8,141359,65,4,5,0
1796,0,70,57596,96,4,1,1
1797,0,67,78489,81,7,5,1
1798,0,50,112957,71,5,3,1
1799,0,72,82377,37,9,2,0
1800,0,76,82315,53,6,1,0
1801,0,80,93253,51,4,5,0
1802,0,20,189650,60,8,4,0
1803,0,89,114858,53,10,1,0
1804,0,18,62151,18,8,2,0
1805,0,75,135159,12,7,6,0
1806,0,5,126263,55,6,3,0
1807,0,79,123064,41,10,4,0
1808,0,31,181773,40,8,1,0
1809,0,92,171794,65,6,5,0
1810,0,15,156339,27,6,2,0
1811,0,94,65483,84,10,7,1
1812,0,35,145654,22,6,3,0
1813,0,68,91609,43,8,1,0
1814,0,29,53002,73,5,5,1
1815,0,87,115699,61,9,1,0
1816,0,33,149609,44,9,2,0
1817,0,29,165254,7,9,7,0
1818,0,43,50418,49,5,1,0
1819,0,43,103531,90,10,5,1
1820,0,66,184060,98,10,5,1
1821,0,23,75961,70,5,7,1
1822,0,87,174163,28,4,2,0
1823,0,81,105255,54,8,3,0
1824,0,42,51860,4,4,5,0
1825,0,32,185218,83,4,6,1
1826,0,7,189709,18,6,6,0
1827,0,91,134665,66,7,2,0
1828,0,95,91352,9,7,3,0
1829,0,10,154623,21,6,6,0
1830,0,20,113767,88,6,2,1
1831,0,5,160469,61,8,1,0
1832,0,84,99418,27,4,2,0
1833,0,54,56215,34,10,4,0
1834,0,12,55639,63,8,1,0
1835,0,90,62504,99,10,4,1
1836,0,19,151382,38,1,1,0
1837,0,91,156574,96,0,7,1
1838,0,90,60998,35,1,7,0
1839,0,60,108509,36,0,2,0
1840,0,68,85540,49,9,1,0
1841,0,43,73915,47,11,2,0
1842,0,52,148901,77,4,4,1
1843,0,81,152602,91,0,1,1
1844,0,54,58999,22,7,3,0
1845,0,43,133740,37,5,4,0
1846,0,20,113217,41,9,1,0
1847,0,71,60209,46,1,3,0
1848,0,26,145491,72,9,5,1
1849,0,75,61393,65,7,5,0
1850,0,52,133252,55,1,1,0
1851,0,40,187234,14,0,5,0
1852,0,5,145563,60,9,6,0
1853,0,46,165810,38,3,5,0
1854,0,98,125181,30,0,7,0
1855,0,84,56809,96,1,2,1
1856,0,35,69419,68,9,1,0
1857,0,78,70689,54,1,4,0
1858,0,64,55011,53,1,7,0
1859,0,98,87955,79,0,2,1
1860,0,66,153660,24,0,5,0
1861,0,32,104494,28,6,4,0
1862,0,22,184443,44,3,7,0
1863,0,17,150778,35,1,7,0
1864,0,22,88729,81,1,1,1
1865,0,9,151902,18,0,2,0
1866,0,24,51604,4,0,2,0
1867,0,8,157316,75,9,3,1
1868,0,52,125508,15,1,6,0
1869,0,62,186157,54,1,1,0
1870,0,37,169381,45,0,4,0
1871,0,68,110195,47,9,2,0
1872,0,63,81199,80,1,2,1
1873,0,15,58459,67,0,6,0
1874,0,44,173682,89,12,6,1
1875,0,18,162983,16,0,6,0
1876,0,30,94480,1,0,4,0
1877,0,69,168710,80,1,4,1
1878,0,16,150193,83,2,2,1
1879,0,71,91823,74,1,4,1
1880,0,24,173091,24,6,2,0
1881,0,57,102692,94,0,2,1
1882,0,97,156812,77,0,6,1
1883,0,68,51468,48,0,3,0
1884,0,11,114071,37,0,2,0
1885,0,63,155638,81,1,4,1
1886,0,68,129971,61,8,3,0
1887,0,69,104160,77,4,4,1
1888,0,77,124995,66,0,1,0
1889,0,73,180437,50,1,5,0
1890,0,19,134644,96,1,2,1
1891,0,1,130089,67,0,5,0
1892,0,71,149318,27,4,1,0
1893,0,6,125591,79,8,6,1
1894,0,68,173047,17,0,3,0
1895,0,39,61298,91,0,5,1
1896,0,75,132993,55,8,2,0
1897,0,65,72313,36,1,5,0
1898,0,30,84885,9,6,5,0
1899,0,46,126228,95,8,2,1
1900,0,40,51199,29,7,7,0
1901,0,40,54631,70,0,6,1
1902,0,20,131810,16,5,7,0
1903,0,88,138482,59,8,4,0
1904,0,85,74081,87,4,3,1
1905,0,94,112426,54,9,6,0
1906,0,52,164038,53,5,4,0
1907,0,68,53552,97,7,6,1
1908,0,15,142147,78,8,4,1
1909,0,4,180324,41,9,2,0
1910,0,59,149067,78,9,7,1
1911,0,32,184408,38,6,7,0
1912,0,8,59116,45,10,6,0
1913,0,92,174786,94,4,3,1
1914,0,9,71076,2,8,1,0
1915,0,41,56837,4,8,4,0
1916,0,18,134752,47,6,5,0
1917,0,78,112887,80,9,6,1
1918,0,0,73128,74,7,5,1
1919,0,11,152765,17,8,1,0
1920,0,36,140637,19,8,7,0
1921,0,46,137973,50,7,7,0
1922,0,95,126791,34,6,4,0
1923,0,97,75125,89,8,3,1
1924,0,2,101718,11,8,3,0
1925,0,94,69654,30,4,4,0
1926,0,0,105935,46,4,5,0
1927,0,3,74607,69,6,1,0
1928,0,77,151985,29,4,7,0
1929,0,70,76892,64,5,2,0
1930,0,58,87602,25,5,3,0
1931,0,72,182317,46,8,6,0
1932,0,90,158280,92,6,7,1
1933,0,23,59905,79,7,5,1
1934,0,87,128153,42,7,6,0
1935,0,64,142612,58,4,6,0
1936,0,15,180163,9,10,7,0
1937,0,14,68009,17,9,3,0
1938,0,54,166183,65,7,6,0
1939,0,76,132537,44,5,3,0
1940,0,76,146308,49,5,1,0
1941,0,52,63454,38,5,5,0
1942,0,96,110519,6,9,4,0
1943,0,55,66728,50,10,5,0
1944,0,54,170638,64,4,5,0
1945,0,19,129635,100,6,4,1
1946,0,29,133587,74,5,3,1
1947,0,96,126225,47,7,4,0
1948,0,20,148776,21,8,5,0
1949,0,91,142602,64,7,6,0
1950,0,37,102413,38,5,5,0
1951,0,42,68765,69,4,1,0
1952,0,1,57522,75,10,5,1
1953,0,58,149237,80,8,6,1
1954,0,42,184844,24,6,1,0
1955,0,48,131656,45,9,6,0
1956,0,11,181026,39,6,2,0
1957,0,59,101698,87,9,3,1
1958,0,45,152560,32,9,2,0
1959,0,73,142502,97,5,1,1
1960,0,85,155432,21,4,6,0
1961,0,70,108544,49,4,5,0
1962,0,52,106530,46,7,2,0
1963,0,70,124359,51,7,7,0
1964,0,88,146970,90,7,6,1
1965,0,61,182176,96,9,5,1
1966,0,46,114435,34,8,3,0
1967,0,65,134213,32,8,4,0
1968,0,84,115580,73,8,5,1
1969,0,76,124034,88,10,2,1
1970,0,31,67894,42,9,1,0
1971,0,55,107099,89,4,6,1
1972,0,45,140263,88,10,5,1
1973,0,98,104249,12,5,2,0
1974,0,40,168821,36,4,5,0
1975,0,14,153145,59,8,6,0
1976,0,41,128960,43,9,4,0
1977,0,60,127438,82,7,2,1
1978,0,60,125968,100,8,2,1
1979,0,84,104589,85,10,2,1
1980,0,0,165321,93,8,1,1
1981,0,10,86925,76,7,2,1
1982,0,62,149797,19,5,6,0
1983,0,33,137094,68,4,1,0
1984,0,52,55395,41,10,1,0
1985,0,2,153622,51,6,6,0
1986,0,27,74050,44,8,1,0
1987,0,4,68094,61,4,7,0
1988,0,63,59244,80,7,1,1
1989,0,54,118944,77,4,4,1
1990,0,47,75293,55,6,7,0
1991,0,30,166983,69,7,3,0
1992,0,97,129444,96,5,6,1
1993,0,94,181183,24,9,3,0
1994,0,64,175254,100,9,5,1
1995,0,19,54121,89,6,3,1
1996,0,71,184387,40,8,7,0
1997,0,91,73158,32,7,7,0
1998,0,87,90961,14,9,2,0
1999,0,77,182109,4,7,2,0
2000,0,90,110610,52,5,2,0
